ETF Name,Issuer,Asset Class,CCY,TER (bps),Listing Date,Distribution,ISIN,Ticker,AUM(M)
Xtrackers Europe Equity Enhanced Active UCITS ETF 1C,Xtrackers,Equity,EUR,25.00,2025-05-14,Accumulating,IE00002ZKAP0,,67.02
Xtrackers MSCI World Swap II UCITS ETF 1D,Xtrackers,Equity,USD,12.00,2026-03-18,Distributing,IE00004DJ199,,1.11
Xtrackers MSCI USA Information Technology UCITS ETF 1C,Xtrackers,Equity,USD,12.00,2017-09-12,Accumulating,IE0000K7HU41,,2046.67
Xtrackers MSCI USA ESG UCITS ETF 2C EUR Hedged,Xtrackers,Equity,EUR,20.00,2018-05-08,Accumulating,IE0000MMQ5M5,,8201.44
Xtrackers Europe Net Zero Pathway Paris Aligned UCITS ETF 1C,Xtrackers,Equity,EUR,15.00,2022-08-25,Accumulating,IE0001JH5CB4,,6.65
Xtrackers S&P 500 GARP UCITS ETF 1C,Xtrackers,Equity,USD,25.00,2025-10-09,Accumulating,IE0001TLQX55,,5.23
Xtrackers USD Corporate Green Bond UCITS ETF 1C EUR Hedged,Xtrackers,Fixed Income,EUR,25.00,2021-06-24,Accumulating,IE00028H9QJ8,,60.92
Xtrackers S&P 500 Equal Weight UCITS ETF 2C EUR Hedged,Xtrackers,Equity,EUR,30.00,2014-06-10,Accumulating,IE0002EI5AG0,,11700.63
Xtrackers S&P 500 Equal Weight UCITS ETF 3C - CHF Hedged,Xtrackers,Equity,CHF,30.00,2014-06-10,Accumulating,IE0002GFATQ6,,10792.66
Xtrackers US Equity Enhanced Active UCITS ETF 1C,Xtrackers,Equity,USD,20.00,2025-05-14,Accumulating,IE0002PGSLZ5,,555.17
Xtrackers USA Net Zero Pathway Paris Aligned UCITS ETF 1C,Xtrackers,Equity,USD,10.00,2022-08-25,Accumulating,IE0002ZM3JI1,,12.74
Xtrackers MSCI Global SDG 3 Good Health UCITS ETF 1C,Xtrackers,Equity,USD,35.00,2023-01-18,Accumulating,IE00036F4K40,,25.09
Xtrackers MSCI World Quality ESG UCITS ETF 1C,Xtrackers,Equity,USD,25.00,2023-07-05,Accumulating,IE0003NQ0IY5,,205.83
Xtrackers USD Corporate Green Bond UCITS ETF 2C,Xtrackers,Fixed Income,USD,25.00,2021-06-24,Accumulating,IE0003W9O921,,70.63
Xtrackers Nasdaq 100 Swap UCITS ETF 1C,Xtrackers,Equity,USD,18.00,2025-07-09,Accumulating,IE000472H9T4,,6.92
Xtrackers ESG USD Emerging Markets Bond Quality Weighted UCITS ETF 1C,Xtrackers,Fixed Income,USD,45.00,2016-04-06,Accumulating,IE0004KLW911,,255.17
Xtrackers S&P 500 Equal Weight Scored & Screened UCITS ETF 1C,Xtrackers,Equity,USD,17.00,2022-12-06,Accumulating,IE0004MFRED4,,2824.60
Xtrackers MSCI Europe ESG UCITS ETF 1D,Xtrackers,Equity,EUR,18.00,2018-05-08,Distributing,IE0004ZJGWT9,,1148.25
"Xtrackers MSCI Global SDG 9 Industry, Innovation & Infrastructure UCITS ETF 1C",Xtrackers,Equity,USD,35.00,2022-12-13,Accumulating,IE0005E47AH7,,15.27
Xtrackers MSCI Japan Climate Transition UCITS ETF 1D,Xtrackers,Equity,USD,15.00,2023-01-25,Distributing,IE0006FDYJF8,,5.41
Xtrackers MSCI Innovation UCITS ETF 1C,Xtrackers,Equity,USD,25.00,2022-07-12,Accumulating,IE0006FFX5U1,,6.52
Xtrackers EUR High Yield Corporate Bond SRI PAB UCITS ETF 1C,Xtrackers,Fixed Income,EUR,25.00,2022-06-22,Accumulating,IE0006GNB732,,42.90
Xtrackers MSCI USA Consumer Discretionary UCITS ETF 1C,Xtrackers,Equity,USD,12.00,2017-09-12,Accumulating,IE0006I3NZF8,,167.08
Xtrackers MSCI World ex USA UCITS ETF 1C,Xtrackers,Equity,USD,15.00,2024-03-06,Accumulating,IE0006WW1TQ4,,6862.16
Xtrackers USD High Yield Corporate Bond Screened UCITS ETF 1C,Xtrackers,Fixed Income,USD,25.00,2022-07-06,Accumulating,IE0006YM7D84,,89.93
Xtrackers Japan Net Zero Pathway Paris Aligned UCITS ETF 1C,Xtrackers,Equity,USD,15.00,2022-08-25,Accumulating,IE00074JLU02,,207.56
Xtrackers S&P 500 Scored & Screened UCITS ETF 1C,Xtrackers,Equity,USD,8.00,2022-12-06,Accumulating,IE0007ULOZS8,,125.46
Xtrackers MSCI Global Clean Water & Sanitation UCITS ETF 1C,Xtrackers,Equity,USD,35.00,2023-01-18,Accumulating,IE0007WJ6B10,,7.84
Xtrackers MSCI World Minimum Volatility ESG UCITS ETF 1C,Xtrackers,Equity,USD,25.00,2023-07-05,Accumulating,IE0008YN0OY8,,19.41
Xtrackers World Equity Enhanced Active UCITS ETF 1C,Xtrackers,Equity,USD,25.00,2025-05-14,Accumulating,IE00094GSCQ4,,481.83
Xtrackers MSCI World UCITS ETF 3C - CHF Hedged,Xtrackers,Equity,CHF,14.00,2014-07-22,Accumulating,IE0009KLWT21,,23098.78
Xtrackers MSCI Nordic UCITS ETF 1C,Xtrackers,Equity,EUR,30.00,2013-09-04,Accumulating,IE000BO2Y0T8,,1121.15
Xtrackers S&P 500 Equal Weight UCITS ETF 2D,Xtrackers,Equity,USD,15.00,2014-06-10,Distributing,IE000CXLGK86,,13565.71
Xtrackers MSCI Emerging Markets Climate Transition UCITS ETF 1C,Xtrackers,Equity,USD,16.00,2023-09-26,Accumulating,IE000DNSAS54,,190.31
Xtrackers S&P 500 Market Leaders UCITS ETF 1C,Xtrackers,Equity,USD,25.00,2025-10-09,Accumulating,IE000DVHJV46,,5.51
Xtrackers World Biodiversity Focus SRI UCITS ETF 1C,Xtrackers,Equity,USD,30.00,2023-09-26,Accumulating,IE000E0V65D8,,19.79
Xtrackers MSCI World ESG UCITS ETF 1D,Xtrackers,Equity,USD,20.00,2018-04-24,Distributing,IE000E4BATC9,,7275.04
Xtrackers MSCI Europe Small Cap ESG UCITS ETF 1C,Xtrackers,Equity,EUR,25.00,2025-08-05,Accumulating,IE000ER61U30,,6.98
Xtrackers MSCI USA Positioning Screened UCITS ETF 1D,Xtrackers,Equity,USD,12.00,2025-12-09,Distributing,IE000EVOVOG1,,6.27
Xtrackers Nasdaq 100 Swap UCITS ETF 1D,Xtrackers,Equity,USD,18.00,2025-07-09,Distributing,IE000EXUE0G2,,6.92
Xtrackers Floating Rate Notes Active UCITS ETF 1C,Xtrackers,Fixed Income,EUR,12.00,2025-12-04,Accumulating,IE000F04HGE5,,25.88
Xtrackers MSCI World Small Cap UCITS ETF 1C,Xtrackers,Equity,USD,25.00,2025-08-05,Accumulating,IE000F354Q61,,161.11
Xtrackers S&P 500 Equal Weight Swap UCITS ETF 1D,Xtrackers,Equity,USD,12.00,2025-07-09,Distributing,IE000FL46JJ1,,17.03
Xtrackers S&P 500 Swap II UCITS ETF 1D,Xtrackers,Equity,USD,5.00,2025-07-09,Distributing,IE000FO05UG4,,4381.26
Xtrackers S&P 500 Equal Weight Swap UCITS ETF 1C,Xtrackers,Equity,USD,12.00,2025-07-09,Accumulating,IE000FO1A5D1,,17.03
Xtrackers MSCI USA Swap II UCITS ETF 1D,Xtrackers,Equity,USD,4.00,2026-03-18,Distributing,IE000FW16TX1,,2.12
Xtrackers S&P 500 Equal Weight Scored & Screened UCITS ETF 3C - CHF Hedged,Xtrackers,Equity,CHF,22.00,2022-12-06,Accumulating,IE000GF6QTP6,,2247.21
Xtrackers MSCI Emerging Markets UCITS ETF 1D,Xtrackers,Equity,USD,18.00,2017-06-21,Distributing,IE000GWA2J58,,14234.17
Xtrackers MSCI USA Climate Transition UCITS ETF 1D,Xtrackers,Equity,USD,9.00,2023-01-25,Distributing,IE000GYDNJS5,,9.96
Xtrackers Nordic Net Zero Pathway Paris Aligned UCITS ETF 1C,Xtrackers,Equity,EUR,15.00,2023-04-12,Accumulating,IE000HT7E0B1,,39.74
Xtrackers S&P 500 Swap II UCITS ETF 1C,Xtrackers,Equity,USD,5.00,2025-07-09,Accumulating,IE000HY30YW6,,4381.26
Xtrackers S&P 500 Equal Weight Scored & Screened UCITS ETF 2C - EUR Hedged,Xtrackers,Equity,EUR,22.00,2022-12-06,Accumulating,IE000IDLWOL4,,2436.26
Xtrackers MSCI World Swap II UCITS ETF 1C,Xtrackers,Equity,USD,12.00,2026-03-18,Accumulating,IE000INYW0A7,,1.11
Xtrackers MSCI World Small Cap UCITS ETF 1D,Xtrackers,Equity,USD,25.00,2025-08-05,Distributing,IE000ISS8DB2,,161.11
Xtrackers MSCI Global SDG 7 Affordable and Clean Energy UCITS ETF 1C,Xtrackers,Equity,USD,35.00,2023-01-18,Accumulating,IE000JZYIUN0,,34.28
Xtrackers MSCI Genomic Healthcare Innovation UCITS ETF 1C,Xtrackers,Equity,USD,25.00,2022-07-12,Accumulating,IE000KD0BZ68,,9.04
Xtrackers MSCI Global Social Fairness Contributors UCITS ETF 1C,Xtrackers,Equity,USD,35.00,2024-03-06,Accumulating,IE000L2IS494,,3.76
Xtrackers FTSE All-World UCITS ETF 1C,Xtrackers,Equity,USD,7.00,2026-04-08,Accumulating,IE000L6ZMMC4,,35.12
Xtrackers MSCI World Value ESG UCITS ETF 1C,Xtrackers,Equity,USD,25.00,2023-07-05,Accumulating,IE000LAUZQT6,,320.84
Xtrackers USA Biodiversity Focus SRI UCITS ETF 1C,Xtrackers,Equity,USD,30.00,2023-09-26,Accumulating,IE000LOSV2D0,,12.21
Xtrackers Global Growth Leaders Active UCITS ETF 1C,Xtrackers,Equity,USD,50.00,2026-03-24,Accumulating,IE000M8F3JA6,,7.20
Xtrackers EUR Corporate Green Bond UCITS ETF 1C,Xtrackers,Fixed Income,EUR,25.00,2021-06-24,Accumulating,IE000MCVFK47,,156.88
Xtrackers MSCI Nordic UCITS ETF 2C - GBP Hedged,Xtrackers,Equity,GBP,35.00,2013-09-04,,IE000MF9SZ46,,969.47
Xtrackers S&P 500 Equal Weight UCITS ETF 1D GBP Hedged,Xtrackers,Equity,GBP,17.00,2014-06-10,Distributing,IE000N5GJDD7,,10117.65
Xtrackers MSCI Europe Climate Transition UCITS ETF 1C,Xtrackers,Equity,EUR,12.00,2023-01-31,Accumulating,IE000N9MLVT1,,16.81
Xtrackers MSCI World High Dividend Yield ESG UCITS ETF 1D,Xtrackers,Equity,USD,25.00,2023-09-13,Distributing,IE000NS5HRY9,,33.66
Xtrackers Electrification Technologies & Smart Grid UCITS ETF 1C,Xtrackers,Equity,USD,35.00,2026-03-31,Accumulating,IE000O7Q2E56,,61.86
Xtrackers MSCI World UCITS ETF 2C - EUR Hedged,Xtrackers,Equity,EUR,14.00,2014-07-22,Accumulating,IE000ONQ3X90,,25042.04
Xtrackers MSCI World Climate Transition UCITS ETF 1C,Xtrackers,Equity,USD,19.00,2023-01-31,Accumulating,IE000P4AYI47,,24.82
Xtrackers MSCI USA Swap II UCITS ETF 1C,Xtrackers,Equity,USD,4.00,2026-03-18,Accumulating,IE000PDUVTF3,,2.12
Xtrackers MSCI Global SDGs UCITS ETF 1C,Xtrackers,Equity,USD,35.00,2023-01-18,Accumulating,IE000PSF3A70,,7.61
Xtrackers India Government Bond UCITS ETF 1C,Xtrackers,Fixed Income,USD,33.00,2022-09-06,Accumulating,IE000QVYFUT7,,52.79
Xtrackers MSCI USA Health Care UCITS ETF 1C,Xtrackers,Equity,USD,12.00,2017-09-12,Accumulating,IE000RNHIKK1,,839.05
Xtrackers S&P 500 Defensive Shareholder Yield UCITS ETF 1C,Xtrackers,Equity,USD,25.00,2025-10-09,Accumulating,IE000SRQBBT6,,6.52
Xtrackers S&P 500 Equal Weight Scored & Screened UCITS ETF 4C - GBP Hedged,Xtrackers,Equity,GBP,22.00,2022-12-06,Accumulating,IE000SZ25OI0,,2106.66
Xtrackers MSCI World Momentum ESG UCITS ETF 1C,Xtrackers,Equity,USD,25.00,2023-07-05,Accumulating,IE000TL3PL69,,313.14
Xtrackers MSCI USA Screened UCITS ETF 2C EUR Hedged,Xtrackers,Equity,EUR,12.00,2015-03-06,Accumulating,IE000TSML5I8,,935.18
Xtrackers Emerging Markets Net Zero Pathway Paris Aligned UCITS ETF 1C,Xtrackers,Equity,USD,20.00,2022-11-08,Accumulating,IE000TZT8TI0,,18.49
Xtrackers MSCI World Small Cap ESG UCITS ETF 1C,Xtrackers,Equity,USD,25.00,2025-08-05,Accumulating,IE000UATQPE2,,10.53
Xtrackers MSCI USA ESG UCITS ETF 1D,Xtrackers,Equity,USD,15.00,2018-05-08,Distributing,IE000UMV0L21,,9508.75
Xtrackers S&P 500 UCITS ETF 4D,Xtrackers,Equity,USD,3.00,2015-02-27,Distributing,IE000UP2BIZ9,,2952.37
Xtrackers iBoxx EUR Corporate Bond Yield Plus UCITS ETF 1C,Xtrackers,Fixed Income,EUR,25.00,2016-06-09,Accumulating,IE000UX5WPU4,,609.25
Xtrackers World Net Zero Pathway Paris Aligned UCITS ETF 1C,Xtrackers,Equity,USD,19.00,2022-02-17,Accumulating,IE000UZCJS58,,137.83
Xtrackers MSCI USA High Dividend Yield ESG UCITS ETF 1D,Xtrackers,Equity,USD,25.00,2023-09-13,Distributing,IE000V04SL39,,7.46
Xtrackers MSCI Global SDG 11 Sustainable Cities UCITS ETF 1C,Xtrackers,Equity,USD,35.00,2022-12-13,Accumulating,IE000V0GDVU7,,7.87
Xtrackers MSCI EMU High Dividend Yield ESG UCITS ETF 1D,Xtrackers,Equity,EUR,25.00,2023-09-13,Distributing,IE000VCBWFL8,,21.17
Xtrackers MSCI AC World Screened UCITS ETF 2C EUR Hedged,Xtrackers,Equity,EUR,37.00,2014-02-10,Accumulating,IE000VXC51U5,,5927.88
Xtrackers MSCI EMU Climate Transition UCITS ETF 1C,Xtrackers,Equity,EUR,12.00,2023-01-31,Accumulating,IE000W6L2AI3,,17.82
Xtrackers MSCI AC World Screened UCITS ETF 5C USD Hedged,Xtrackers,Equity,USD,37.00,2014-02-10,Accumulating,IE000WGF1X01,,6872.78
Xtrackers USD High Yield Corporate Bond Screened UCITS ETF 2C - GBP Hedged,Xtrackers,Fixed Income,GBP,30.00,2022-07-06,Accumulating,IE000WHO5BF2,,67.07
Xtrackers MSCI Europe High Dividend Yield ESG UCITS ETF 1D,Xtrackers,Equity,EUR,25.00,2023-09-13,Distributing,IE000WQ16XQ4,,35.28
Xtrackers MSCI World IMI UCITS ETF 1C,Xtrackers,Equity,USD,15.00,2026-04-08,Accumulating,IE000X1GW0A7,,14.10
Xtrackers Global Equity Top Active UCITS ETF 1C,Xtrackers,Equity,USD,35.00,2026-03-24,Accumulating,IE000X4A4GV2,,7.21
Xtrackers MSCI USA Financials UCITS ETF 1C,Xtrackers,Equity,USD,12.00,2017-09-12,Accumulating,IE000X5MRP46,,727.95
Xtrackers USD Corporate Green Bond UCITS ETF 1D GBP Hedged,Xtrackers,Fixed Income,GBP,25.00,2021-06-24,Distributing,IE000X63FXN4,,52.68
Xtrackers MSCI USA Consumer Staples UCITS ETF 1C,Xtrackers,Equity,USD,12.00,2017-09-12,Accumulating,IE000X6Z71P5,,105.72
Xtrackers MSCI Next Generation Internet Innovation UCITS ETF 1C,Xtrackers,Equity,USD,30.00,2022-07-12,Accumulating,IE000XOQ9TK4,,74.58
Xtrackers EMU Net Zero Pathway Paris Aligned UCITS ETF 1C,Xtrackers,Equity,EUR,15.00,2022-02-17,Accumulating,IE000Y6L6LE6,,9.10
Xtrackers MSCI Global Circular Economy UCITS ETF 1C,Xtrackers,Equity,USD,35.00,2022-12-13,Accumulating,IE000Y6ZXZ48,,8.29
Xtrackers MSCI Fintech Innovation UCITS ETF 1C,Xtrackers,Equity,USD,30.00,2022-07-12,Accumulating,IE000YDOORK7,,12.24
Xtrackers FTSE All-World ex US UCITS ETF 1C,Xtrackers,Equity,USD,15.00,2026-04-08,Accumulating,IE000YKHGYN2,,31.91
Xtrackers MSCI World ex USA UCITS ETF 1D,Xtrackers,Equity,USD,15.00,2024-03-06,Distributing,IE000Z0FC0G5,,6862.16
Xtrackers S&P 500 UCITS ETF 4C,Xtrackers,Equity,USD,3.00,2015-02-27,Accumulating,IE000Z9SJA06,,2952.86
Xtrackers Portfolio Income UCITS ETF 1D,Xtrackers,Multi Asset,EUR,65.00,2011-02-04,Distributing,IE00B3Y8D011,,59.15
Xtrackers S&P 500 UCITS ETF 3C CHF Hedged,Xtrackers,Equity,CHF,5.00,2015-02-27,Accumulating,IE00B8KMSQ34,,2349.25
Xtrackers MSCI Nordic UCITS ETF 1D,Xtrackers,Equity,EUR,30.00,2013-09-04,Distributing,IE00B9MRHC27,,1121.15
Xtrackers MDAX ESG Screened UCITS ETF 1D,Xtrackers,Equity,EUR,40.00,2014-01-09,Distributing,IE00B9MRJJ36,,95.85
Xtrackers MSCI World Screened UCITS ETF 1D,Xtrackers,Equity,USD,19.00,2018-03-26,Distributing,IE00BCHWNQ94,,227.19
Xtrackers MSCI USA Energy UCITS ETF 1D,Xtrackers,Equity,USD,12.00,2017-09-12,Distributing,IE00BCHWNS19,,116.31
Xtrackers MSCI USA Financials UCITS ETF 1D,Xtrackers,Equity,USD,12.00,2017-09-12,Distributing,IE00BCHWNT26,,727.95
Xtrackers MSCI USA Industrials UCITS ETF 1D,Xtrackers,Equity,USD,12.00,2021-01-21,Distributing,IE00BCHWNV48,,315.76
Xtrackers MSCI USA Health Care UCITS ETF 1D,Xtrackers,Equity,USD,12.00,2017-09-12,Distributing,IE00BCHWNW54,,839.05
Xtrackers ESG USD Emerging Markets Bond Quality Weighted UCITS ETF 1D,Xtrackers,Fixed Income,USD,45.00,2016-04-06,Distributing,IE00BD4DX952,,255.17
Xtrackers ESG USD Emerging Markets Bond Quality Weighted UCITS ETF 2D EUR Hedged,Xtrackers,Fixed Income,EUR,50.00,2016-04-06,Distributing,IE00BD4DXB77,,220.09
Xtrackers MSCI USA Minimum Volatility UCITS ETF 1D,Xtrackers,Equity,USD,20.00,2016-11-08,Distributing,IE00BDB7J586,,4.62
Xtrackers MSCI EMU Screened UCITS ETF 1D,Xtrackers,Equity,EUR,12.00,2016-11-08,Distributing,IE00BDGN9Z19,,12.11
Xtrackers USD High Yield Corporate Bond UCITS ETF 1D,Xtrackers,Fixed Income,USD,20.00,2018-02-06,Distributing,IE00BDR5HM97,,900.10
Xtrackers USD High Yield Corporate Bond UCITS ETF 1C,Xtrackers,Fixed Income,USD,20.00,2018-02-06,Accumulating,IE00BDR5HN05,,900.10
Xtrackers MSCI USA Banks UCITS ETF 1D,Xtrackers,Equity,USD,12.00,2018-12-03,Distributing,IE00BDVPTJ63,,27.95
Xtrackers USD Corporate Bond Short Duration SRI PAB UCITS ETF 1D,Xtrackers,Fixed Income,USD,16.00,2018-03-06,Distributing,IE00BF8J5974,,119.81
Xtrackers USD Corporate Bond Short Duration SRI PAB UCITS ETF 2C EUR Hedged,Xtrackers,Fixed Income,EUR,21.00,2018-03-06,Accumulating,IE00BFMKQ930,,103.34
Xtrackers USD Corporate Bond UCITS ETF 1C,Xtrackers,Fixed Income,USD,12.00,2015-09-30,Accumulating,IE00BFMKQC67,,1384.26
Xtrackers MSCI Europe ESG UCITS ETF 1C,Xtrackers,Equity,EUR,20.00,2018-05-08,Accumulating,IE00BFMNHK08,,1148.25
Xtrackers MSCI USA ESG UCITS ETF 1C,Xtrackers,Equity,USD,15.00,2018-05-08,Accumulating,IE00BFMNPS42,,9508.75
Xtrackers USD High Yield Corporate Bond UCITS ETF 2C EUR Hedged,Xtrackers,Fixed Income,EUR,25.00,2018-02-06,Accumulating,IE00BG04LT92,,776.35
Xtrackers USD High Yield Corporate Bond UCITS ETF 4D GBP Hedged,Xtrackers,Fixed Income,GBP,20.00,2018-02-06,Distributing,IE00BG04LV15,,671.32
Xtrackers USD Corporate Bond UCITS ETF 5D - GBP Hedged,Xtrackers,Fixed Income,GBP,21.00,2015-09-30,Distributing,IE00BG04LY46,,1032.42
Xtrackers MSCI USA UCITS ETF 3C - CHF Hedged,Xtrackers,Equity,CHF,8.00,2014-05-09,Accumulating,IE00BG04LZ52,,11276.52
Xtrackers MSCI USA UCITS ETF 2C - EUR Hedged,Xtrackers,Equity,EUR,8.00,2014-05-09,Accumulating,IE00BG04M077,,12225.20
Xtrackers MSCI Japan ESG UCITS ETF 1C,Xtrackers,Equity,USD,20.00,2018-04-24,Accumulating,IE00BG36TC12,,3111.65
Xtrackers MSCI Emerging Markets ESG UCITS ETF 1C,Xtrackers,Equity,USD,25.00,2019-10-15,Accumulating,IE00BG370F43,,1621.87
Xtrackers MSCI AC World Screened UCITS ETF 1C,Xtrackers,Equity,EUR,25.00,2014-02-10,Accumulating,IE00BGHQ0G80,,5927.88
Xtrackers S&P 500 UCITS ETF 1D EUR Hedged,Xtrackers,Equity,EUR,5.00,2015-02-27,Distributing,IE00BGJWX091,,2546.89
Xtrackers MSCI USA Consumer Staples UCITS ETF 1D,Xtrackers,Equity,USD,12.00,2017-09-12,Distributing,IE00BGQYRQ28,,105.72
Xtrackers MSCI USA Consumer Discretionary UCITS ETF 1D,Xtrackers,Equity,USD,12.00,2017-09-12,Distributing,IE00BGQYRR35,,167.08
Xtrackers MSCI USA Information Technology UCITS ETF 1D,Xtrackers,Equity,USD,12.00,2017-09-12,Distributing,IE00BGQYRS42,,2046.67
Xtrackers S&P Europe ex UK UCITS ETF 1D,Xtrackers,Equity,EUR,9.00,2019-01-14,Distributing,IE00BGV5VM45,,262.05
Xtrackers Artificial Intelligence & Big Data UCITS ETF 1C,Xtrackers,Equity,USD,35.00,2019-01-29,Accumulating,IE00BGV5VN51,,8881.86
Xtrackers Future Mobility UCITS ETF 1C,Xtrackers,Equity,USD,35.00,2019-01-29,Accumulating,IE00BGV5VR99,,220.53
Xtrackers MSCI North America High Dividend Yield UCITS ETF 1C,Xtrackers,Equity,USD,39.00,2014-01-29,Accumulating,IE00BH361H73,,145.61
Xtrackers MSCI World UCITS ETF 1C,Xtrackers,Equity,USD,12.00,2014-07-22,Accumulating,IE00BJ0KDQ92,,29033.74
Xtrackers MSCI USA UCITS ETF 1C,Xtrackers,Equity,USD,3.00,2014-05-09,Accumulating,IE00BJ0KDR00,,14173.90
Xtrackers MSCI USA Screened UCITS ETF 1C,Xtrackers,Equity,USD,7.00,2015-03-06,Accumulating,IE00BJZ2DC62,,1084.24
Xtrackers Russell 2000 UCITS ETF 1C,Xtrackers,Equity,USD,30.00,2015-03-06,Accumulating,IE00BJZ2DD79,,2938.57
Xtrackers MSCI USA UCITS ETF 1D,Xtrackers,Equity,USD,3.00,2014-05-09,Distributing,IE00BK1PV445,,14173.90
Xtrackers MSCI World UCITS ETF 1D,Xtrackers,Equity,USD,12.00,2014-07-22,Distributing,IE00BK1PV551,,29033.74
Xtrackers MSCI World Quality UCITS ETF 1C,Xtrackers,Equity,USD,25.00,2014-09-11,Accumulating,IE00BL25JL35,,2935.12
Xtrackers MSCI World Value UCITS ETF 1C,Xtrackers,Equity,USD,25.00,2014-09-11,Accumulating,IE00BL25JM42,,5110.85
Xtrackers MSCI World Minimum Volatility UCITS ETF 1C,Xtrackers,Equity,USD,25.00,2014-09-05,Accumulating,IE00BL25JN58,,1186.30
Xtrackers MSCI World Momentum UCITS ETF 1C,Xtrackers,Equity,USD,25.00,2014-09-05,Accumulating,IE00BL25JP72,,2254.88
Xtrackers USD Corporate Bond SRI PAB UCITS ETF 1C,Xtrackers,Fixed Income,USD,16.00,2020-09-03,Accumulating,IE00BL58LJ19,,295.63
Xtrackers USD Corporate Bond SRI PAB UCITS ETF 2C EUR Hedged,Xtrackers,Fixed Income,EUR,21.00,2020-09-03,Accumulating,IE00BL58LL31,,254.98
Xtrackers S&P 500 Equal Weight UCITS ETF 1C,Xtrackers,Equity,USD,15.00,2014-06-10,Accumulating,IE00BLNMYC90,,13565.71
Xtrackers MSCI Emerging Markets ex China UCITS ETF 1C,Xtrackers,Equity,GBP,16.00,2015-02-27,Accumulating,IE00BM67HJ62,,121.28
Xtrackers MSCI World Health Care UCITS ETF 1C,Xtrackers,Equity,USD,25.00,2016-03-04,Accumulating,IE00BM67HK77,,3415.00
Xtrackers MSCI World Financials UCITS ETF 1C,Xtrackers,Equity,USD,25.00,2016-03-04,Accumulating,IE00BM67HL84,,895.39
Xtrackers MSCI World Energy UCITS ETF 1C,Xtrackers,Equity,USD,25.00,2016-03-09,Accumulating,IE00BM67HM91,,1858.70
Xtrackers MSCI World Consumer Staples UCITS ETF 1C,Xtrackers,Equity,USD,25.00,2016-03-09,Accumulating,IE00BM67HN09,,903.32
Xtrackers MSCI World Consumer Discretionary UCITS ETF 1C,Xtrackers,Equity,USD,25.00,2016-03-14,Accumulating,IE00BM67HP23,,334.25
Xtrackers MSCI World Utilities UCITS ETF 1C,Xtrackers,Equity,USD,25.00,2016-03-16,Accumulating,IE00BM67HQ30,,927.51
Xtrackers MSCI World Communication Services UCITS ETF 1C,Xtrackers,Equity,USD,25.00,2016-03-16,Accumulating,IE00BM67HR47,,501.55
Xtrackers MSCI World Materials UCITS ETF 1C,Xtrackers,Equity,USD,25.00,2016-03-16,Accumulating,IE00BM67HS53,,783.68
Xtrackers MSCI World Information Technology UCITS ETF 1C,Xtrackers,Equity,USD,25.00,2016-03-09,Accumulating,IE00BM67HT60,,6245.11
Xtrackers MSCI World Industrials UCITS ETF 1C,Xtrackers,Equity,USD,25.00,2016-03-14,Accumulating,IE00BM67HV82,,984.02
Xtrackers S&P 500 UCITS ETF 1C EUR Hedged,Xtrackers,Equity,EUR,5.00,2015-02-27,Accumulating,IE00BM67HW99,,2546.89
Xtrackers S&P 500 UCITS ETF 2C GBP Hedged,Xtrackers,Equity,GBP,5.00,2015-02-27,Accumulating,IE00BM67HX07,,2202.32
Xtrackers US Treasuries Ultrashort Bond UCITS ETF 1C,Xtrackers,Fixed Income,USD,6.00,2020-09-03,Accumulating,IE00BM97MR69,,304.31
Xtrackers US Treasuries Ultrashort Bond UCITS ETF 3C MXN Hedged,Xtrackers,Fixed Income,MXN,9.00,2020-09-03,Accumulating,IE00BM97MV06,,5234.93
Xtrackers USD Corporate Bond UCITS ETF 6C MXN Hedged,Xtrackers,Fixed Income,MXN,21.00,2015-09-30,Accumulating,IE00BMCFJ320,,23812.97
Xtrackers NASDAQ 100 UCITS ETF 1C,Xtrackers,Equity,USD,20.00,2021-01-21,Accumulating,IE00BMFKG444,,2324.68
Xtrackers MSCI World ESG UCITS ETF 2C EUR Hedged,Xtrackers,Equity,EUR,25.00,2018-04-24,Accumulating,IE00BMY76136,,6274.83
Xtrackers Developed Green Real Estate ESG UCITS ETF 1C,Xtrackers,Equity,USD,18.00,2024-11-07,Accumulating,IE00BN2BCY94,,11.67
Xtrackers MSCI EMU ESG UCITS ETF 1C,Xtrackers,Equity,EUR,20.00,2021-01-21,Accumulating,IE00BNC1G699,,35.99
Xtrackers MSCI USA Communication Services UCITS ETF 1D,Xtrackers,Equity,USD,12.00,2021-01-21,Distributing,IE00BNC1G707,,870.84
Xtrackers Stoxx European Market Leaders UCITS ETF 1C,Xtrackers,Equity,EUR,25.00,2021-06-29,Accumulating,IE00BNKF6C99,,7.21
Xtrackers FTSE Developed Europe ex UK Real Estate UCITS ETF 1C,Xtrackers,Equity,EUR,33.00,2014-08-27,Accumulating,IE00BP8FKB21,,19.15
Xtrackers MSCI Japan Screened UCITS ETF 1D,Xtrackers,Equity,JPY,15.00,2015-03-31,Distributing,IE00BPVLQD13,,77788.41
Xtrackers MSCI Japan Screened UCITS ETF 2D GBP Hedged,Xtrackers,Equity,GBP,25.00,2015-03-31,Distributing,IE00BPVLQF37,,361.75
Xtrackers MSCI GCC Select Swap UCITS ETF 1C,Xtrackers,Equity,USD,65.00,2015-02-05,Accumulating,IE00BQXKVQ19,,27.02
Xtrackers MSCI Japan Screened UCITS ETF 3C EUR Hedged,Xtrackers,Equity,EUR,25.00,2015-03-31,Accumulating,IE00BRB36B93,,418.35
Xtrackers MSCI Japan Screened UCITS ETF 4C USD Hedged,Xtrackers,Equity,USD,25.00,2015-03-31,Accumulating,IE00BTGD1B38,,485.04
Xtrackers MSCI Emerging Markets UCITS ETF 1C,Xtrackers,Equity,USD,18.00,2017-06-21,Accumulating,IE00BTJRMP35,,14234.17
Xtrackers iBoxx EUR Corporate Bond Yield Plus UCITS ETF 1D,Xtrackers,Fixed Income,EUR,25.00,2016-06-09,Distributing,IE00BYPHT736,,609.25
Xtrackers Global Infrastructure ESG UCITS ETF 1C,Xtrackers,Equity,USD,35.00,2024-09-26,Accumulating,IE00BYZNF849,,11.37
Xtrackers MSCI World ESG UCITS ETF 1C,Xtrackers,Equity,USD,20.00,2018-04-24,Accumulating,IE00BZ02LR44,,7275.04
Xtrackers USD Corporate Bond UCITS ETF 1D,Xtrackers,Fixed Income,USD,12.00,2015-09-30,Distributing,IE00BZ036H21,,1384.26
Xtrackers USD Corporate Bond UCITS ETF 2D EUR Hedged,Xtrackers,Fixed Income,EUR,21.00,2015-09-30,Distributing,IE00BZ036J45,,1193.94
Xtrackers MSCI World UCITS ETF 2D GBP Hedged,Xtrackers,Equity,GBP,14.00,2014-07-22,Distributing,IE00BZ1BS790,,21654.10
Xtrackers MSCI World Swap UCITS ETF 1C,Xtrackers,Equity,USD,45.00,2006-12-19,Accumulating,LU0274208692,,14132.89
Xtrackers MSCI Europe UCITS ETF 1C,Xtrackers,Equity,USD,12.00,2007-01-10,Accumulating,LU0274209237,,9675.73
Xtrackers MSCI Japan UCITS ETF 1C,Xtrackers,Equity,USD,12.00,2007-01-09,Accumulating,LU0274209740,,7875.70
Xtrackers MSCI USA Swap UCITS ETF 1C,Xtrackers,Equity,USD,15.00,2007-01-08,Accumulating,LU0274210672,,8625.90
Xtrackers Euro Stoxx 50 UCITS ETF 1D,Xtrackers,Equity,EUR,9.00,2007-01-04,Distributing,LU0274211217,,12188.02
Xtrackers DAX UCITS ETF 1C,Xtrackers,Equity,EUR,9.00,2007-01-10,Accumulating,LU0274211480,,7115.92
Xtrackers FTSE MIB UCITS ETF 1D,Xtrackers,Equity,EUR,30.00,2007-01-04,Distributing,LU0274212538,,89.79
Xtrackers Switzerland UCITS ETF 1D,Xtrackers,Equity,CHF,30.00,2007-01-22,Distributing,LU0274221281,,2226.93
Xtrackers II Eurozone Government Bond UCITS ETF 1C,Xtrackers,Fixed Income,EUR,7.00,2007-05-22,Accumulating,LU0290355717,,3043.25
Xtrackers II Eurozone Government Bond 1-3 UCITS ETF 1C,Xtrackers,Fixed Income,EUR,10.00,2007-05-25,Accumulating,LU0290356871,,3515.00
Xtrackers II Eurozone Government Bond 3-5 UCITS ETF 1C,Xtrackers,Fixed Income,EUR,15.00,2007-05-25,Accumulating,LU0290356954,,549.82
Xtrackers II Eurozone Government Bond 5-7 UCITS ETF 1C,Xtrackers,Fixed Income,EUR,15.00,2007-05-30,Accumulating,LU0290357176,,922.94
Xtrackers II Eurozone Government Bond 7-10 UCITS ETF 1C,Xtrackers,Fixed Income,EUR,15.00,2007-05-30,Accumulating,LU0290357259,,1973.54
Xtrackers II Eurozone Government Bond 15-30 UCITS ETF 1C,Xtrackers,Fixed Income,EUR,15.00,2007-06-01,Accumulating,LU0290357507,,73.22
Xtrackers II Eurozone Government Bond 25+ UCITS ETF 1C,Xtrackers,Fixed Income,EUR,15.00,2007-06-05,Accumulating,LU0290357846,,109.31
Xtrackers II Global Inflation-Linked Bond UCITS ETF 1C EUR Hedged,Xtrackers,Fixed Income,EUR,25.00,2007-06-08,Accumulating,LU0290357929,,907.60
Xtrackers II Eurozone Inflation-Linked Bond UCITS ETF 1C,Xtrackers,Fixed Income,EUR,15.00,2007-06-08,Accumulating,LU0290358224,,400.20
Xtrackers II EUR Overnight Rate Swap UCITS ETF 1C,Xtrackers,Fixed Income,EUR,10.00,2007-05-25,Accumulating,LU0290358497,,22392.79
Xtrackers Euro Stoxx Quality Dividend UCITS ETF 1D,Xtrackers,Equity,EUR,30.00,2007-06-01,Distributing,LU0292095535,,730.17
Xtrackers Stoxx Global Select Dividend 100 Swap UCITS ETF 1D,Xtrackers,Equity,EUR,50.00,2007-06-01,Distributing,LU0292096186,,944.60
Xtrackers FTSE 100 Income UCITS ETF 1D,Xtrackers,Equity,GBP,9.00,2007-06-05,Distributing,LU0292097234,,85.20
Xtrackers FTSE 250 UCITS ETF 1D,Xtrackers,Equity,GBP,15.00,2007-06-15,Distributing,LU0292097317,,30.59
Xtrackers MSCI UK ESG UCITS ETF 1D,Xtrackers,Equity,GBP,18.00,2007-06-15,Distributing,LU0292097747,,680.03
Xtrackers MSCI Korea UCITS ETF 1C,Xtrackers,Equity,USD,45.00,2007-07-05,Accumulating,LU0292100046,,542.45
Xtrackers MSCI Europe Materials UCITS ETF 1C,Xtrackers,Equity,EUR,17.00,2007-06-26,Accumulating,LU0292100806,,42.65
Xtrackers MSCI Europe Health Care UCITS ETF 1C,Xtrackers,Equity,EUR,17.00,2007-06-26,Accumulating,LU0292103222,,318.94
Xtrackers MSCI Europe Financials UCITS ETF 1C,Xtrackers,Equity,EUR,17.00,2007-06-26,Accumulating,LU0292103651,,145.32
Xtrackers MSCI Europe Communication Services UCITS ETF 1C,Xtrackers,Equity,EUR,17.00,2007-06-29,Accumulating,LU0292104030,,15.17
Xtrackers MSCI Europe Information Technology UCITS ETF 1C,Xtrackers,Equity,EUR,17.00,2007-06-29,Accumulating,LU0292104469,,37.70
Xtrackers MSCI Europe Utilities UCITS ETF 1C,Xtrackers,Equity,EUR,17.00,2007-07-03,Accumulating,LU0292104899,,76.29
Xtrackers MSCI Europe Consumer Staples UCITS ETF 1C,Xtrackers,Equity,EUR,17.00,2007-07-03,Accumulating,LU0292105359,,49.76
Xtrackers MSCI Europe Industrials UCITS ETF 1C,Xtrackers,Equity,EUR,17.00,2007-07-03,Accumulating,LU0292106084,,36.83
Xtrackers Bloomberg Commodity ex-Agriculture & Livestock Swap UCITS ETF 1C EUR Hedged,Xtrackers,Commodity,EUR,39.00,2007-06-29,Accumulating,LU0292106167,,633.26
Xtrackers ShortDAX Daily Swap UCITS ETF 1C,Xtrackers,Equity,EUR,40.00,2007-06-05,Accumulating,LU0292106241,,161.32
Xtrackers Euro Stoxx 50 Short Daily Swap UCITS ETF 1C,Xtrackers,Equity,EUR,40.00,2007-06-05,Accumulating,LU0292106753,,35.52
Xtrackers MSCI Emerging Markets Swap UCITS ETF 1C,Xtrackers,Equity,USD,49.00,2007-06-22,Accumulating,LU0292107645,,1282.25
Xtrackers MSCI EM Asia Screened Swap UCITS ETF 1C,Xtrackers,Equity,USD,65.00,2007-06-21,Accumulating,LU0292107991,,808.85
Xtrackers MSCI EM Latin America Swap UCITS ETF 1C,Xtrackers,Equity,USD,40.00,2007-06-22,Accumulating,LU0292108619,,132.03
"Xtrackers MSCI EM Europe, Middle East & Africa ESG Swap UCITS ETF 1C",Xtrackers,Equity,USD,65.00,2007-06-19,Accumulating,LU0292109005,,41.40
Xtrackers MSCI Taiwan UCITS ETF 1C,Xtrackers,Equity,USD,65.00,2007-06-19,Accumulating,LU0292109187,,493.59
Xtrackers MSCI Brazil UCITS ETF 1C,Xtrackers,Equity,USD,25.00,2007-06-22,Accumulating,LU0292109344,,246.39
Xtrackers Nifty 50 Swap UCITS ETF 1C,Xtrackers,Equity,USD,85.00,2007-07-05,Accumulating,LU0292109690,,180.99
Xtrackers MSCI China A UCITS ETF 1C,Xtrackers,Equity,USD,35.00,2007-06-19,Accumulating,LU0292109856,,144.11
Xtrackers II iTraxx Crossover Short Daily Swap UCITS ETF 1C,Xtrackers,Fixed Income,EUR,24.00,2007-11-07,Accumulating,LU0321462870,,19.62
Xtrackers II J.P. Morgan USD Emerging Markets Bond UCITS ETF 1C EUR Hedged,Xtrackers,Fixed Income,EUR,40.00,2008-05-06,Accumulating,LU0321462953,,412.12
Xtrackers II GBP Overnight Rate Swap UCITS ETF 1D,Xtrackers,Fixed Income,GBP,10.00,2007-10-10,Distributing,LU0321464652,,193.09
Xtrackers II USD Overnight Rate Swap UCITS ETF 1C,Xtrackers,Fixed Income,USD,10.00,2007-10-10,Accumulating,LU0321465469,,355.98
Xtrackers SLI UCITS ETF 1D,Xtrackers,Equity,CHF,25.00,2008-01-25,Distributing,LU0322248146,,441.17
Xtrackers LPX Private Equity Swap UCITS ETF 1C,Xtrackers,Equity,EUR,70.00,2008-01-17,Accumulating,LU0322250712,,283.11
Xtrackers CAC 40 UCITS ETF 1D,Xtrackers,Equity,EUR,20.00,2008-07-09,Distributing,LU0322250985,,119.01
Xtrackers S&P 500 Inverse Daily Swap UCITS ETF 1C,Xtrackers,Equity,USD,50.00,2008-01-15,Accumulating,LU0322251520,,172.26
Xtrackers MSCI AC Asia ex Japan ESG Swap UCITS ETF 1C,Xtrackers,Equity,USD,65.00,2009-01-20,Accumulating,LU0322252171,,372.56
Xtrackers MSCI Pacific ex Japan UCITS ETF 1C,Xtrackers,Equity,USD,25.00,2009-01-20,Accumulating,LU0322252338,,1321.58
Xtrackers Vietnam Swap UCITS ETF 1C,Xtrackers,Equity,USD,85.00,2008-01-15,Accumulating,LU0322252924,,374.85
Xtrackers S&P Global Infrastructure Swap UCITS ETF 1C,Xtrackers,Equity,USD,60.00,2008-01-15,Accumulating,LU0322253229,,694.54
Xtrackers MSCI Europe Screened UCITS ETF 1C,Xtrackers,Equity,USD,12.00,2008-01-17,Accumulating,LU0322253732,,97.08
Xtrackers MSCI Europe Small Cap UCITS ETF 1C,Xtrackers,Equity,USD,30.00,2008-01-17,Accumulating,LU0322253906,,3509.87
Xtrackers FTSE 100 Short Daily Swap UCITS ETF 1C,Xtrackers,Equity,GBP,50.00,2008-06-02,Accumulating,LU0328473581,,6.04
Xtrackers S&P ASX 200 UCITS ETF 1D,Xtrackers,Equity,AUD,50.00,2008-01-17,Distributing,LU0328474803,,104.48
Xtrackers Stoxx Europe 600 UCITS ETF 1C,Xtrackers,Equity,EUR,20.00,2009-01-20,Accumulating,LU0328475792,,5309.01
Xtrackers S&P Select Frontier Swap UCITS ETF 1C,Xtrackers,Equity,USD,95.00,2008-01-15,Accumulating,LU0328476410,,151.79
Xtrackers II EUR Overnight Rate Swap UCITS ETF 1D,Xtrackers,Fixed Income,EUR,10.00,2007-05-25,Distributing,LU0335044896,,22392.79
Xtrackers II Global Government Bond UCITS ETF 1C EUR Hedged,Xtrackers,Fixed Income,EUR,25.00,2008-10-20,Accumulating,LU0378818131,,2121.05
Xtrackers II Singapore Government Bond UCITS ETF 1C,Xtrackers,Fixed Income,SGD,20.00,2010-05-11,Accumulating,LU0378818560,,126.15
Xtrackers Euro Stoxx 50 UCITS ETF 1C,Xtrackers,Equity,EUR,9.00,2007-01-04,Accumulating,LU0380865021,,12188.02
Xtrackers Portfolio UCITS ETF 1C,Xtrackers,Multi Asset,EUR,70.00,2008-11-27,Accumulating,LU0397221945,,745.76
Xtrackers ShortDAX x2 Daily Swap UCITS ETF 1C,Xtrackers,Equity,EUR,60.00,2010-03-18,Accumulating,LU0411075020,,68.28
Xtrackers LevDAX Daily Swap UCITS ETF 1C,Xtrackers,Equity,EUR,35.00,2010-03-18,Accumulating,LU0411075376,,54.05
Xtrackers S&P 500 2x Leveraged Daily Swap UCITS ETF 1C,Xtrackers,Equity,USD,60.00,2010-03-18,Accumulating,LU0411078552,,599.24
Xtrackers S&P 500 2x Inverse Daily Swap UCITS ETF 1C,Xtrackers,Equity,USD,70.00,2010-03-18,Accumulating,LU0411078636,,50.57
Xtrackers II US Treasuries 1-3 UCITS ETF 1D,Xtrackers,Fixed Income,USD,6.00,2009-07-07,Distributing,LU0429458895,,220.72
Xtrackers II US Treasuries UCITS ETF 1D,Xtrackers,Fixed Income,USD,6.00,2009-07-07,Distributing,LU0429459356,,2949.46
Xtrackers Bloomberg Commodity Swap UCITS ETF 2C EUR Hedged,Xtrackers,Commodity,EUR,24.00,2009-07-09,Accumulating,LU0429790743,,747.65
Xtrackers Bloomberg Commodity ex-Agriculture & Livestock Swap UCITS ETF 2C,Xtrackers,Commodity,USD,29.00,2007-06-29,Accumulating,LU0460391732,,734.20
Xtrackers Bloomberg Commodity ex-Agriculture & Livestock Swap UCITS ETF 3C GBP Hedged,Xtrackers,Commodity,GBP,39.00,2007-06-29,Accumulating,LU0460391906,,547.59
Xtrackers II Germany Government Bond UCITS ETF 1D,Xtrackers,Fixed Income,EUR,15.00,2010-01-05,Distributing,LU0468896575,,1002.61
Xtrackers II Germany Government Bond 1-3 UCITS ETF 1D,Xtrackers,Fixed Income,EUR,15.00,2010-01-05,Distributing,LU0468897110,,16.07
Xtrackers MSCI Mexico UCITS ETF 1C,Xtrackers,Equity,USD,65.00,2010-03-26,Accumulating,LU0476289466,,342.62
Xtrackers MSCI Canada Screened UCITS ETF 1C,Xtrackers,Equity,USD,35.00,2010-03-26,Accumulating,LU0476289540,,1391.16
Xtrackers MSCI Indonesia Swap UCITS ETF 1C,Xtrackers,Equity,USD,65.00,2010-03-02,Accumulating,LU0476289623,,42.22
Xtrackers II EUR Corporate Bond UCITS ETF 1C,Xtrackers,Fixed Income,EUR,9.00,2010-02-23,Accumulating,LU0478205379,,4462.54
Xtrackers II EUR Corporate Bond UCITS ETF 1D,Xtrackers,Fixed Income,EUR,9.00,2010-02-23,Distributing,LU0478205965,,4462.54
Xtrackers II EUR Corporate Bond SRI PAB UCITS ETF 1D,Xtrackers,Fixed Income,EUR,16.00,2010-10-18,Distributing,LU0484968812,,2524.86
Xtrackers II EUR Corporate Bond SRI PAB UCITS ETF 1C,Xtrackers,Fixed Income,EUR,16.00,2010-10-18,Accumulating,LU0484968903,,2524.86
Xtrackers II Target Maturity Sept 2029 Italy and Spain Government Bond UCITS ETF 1C,Xtrackers,Fixed Income,EUR,12.00,2010-09-22,Accumulating,LU0484969463,,9.06
Xtrackers MSCI Europe Value UCITS ETF 1C,Xtrackers,Equity,EUR,15.00,2010-03-26,Accumulating,LU0486851024,,286.10
Xtrackers FTSE Developed Europe Real Estate UCITS ETF 1C,Xtrackers,Equity,EUR,33.00,2010-03-25,Accumulating,LU0489337690,,687.46
Xtrackers S&P 500 Swap UCITS ETF 1C,Xtrackers,Equity,USD,15.00,2010-03-26,Accumulating,LU0490618542,,10524.15
Xtrackers II Australia Government Bond UCITS ETF 1C,Xtrackers,Fixed Income,AUD,25.00,2010-05-19,Accumulating,LU0494592974,,188.49
Xtrackers MSCI Malaysia UCITS ETF 1C,Xtrackers,Equity,USD,50.00,2010-06-24,Accumulating,LU0514694370,,62.40
Xtrackers MSCI Thailand UCITS ETF 1C,Xtrackers,Equity,USD,50.00,2010-06-24,Accumulating,LU0514694701,,145.85
Xtrackers MSCI India Swap UCITS ETF 1C,Xtrackers,Equity,USD,19.00,2010-06-24,Accumulating,LU0514695187,,587.88
Xtrackers MSCI China UCITS ETF 1C,Xtrackers,Equity,USD,65.00,2010-06-24,Accumulating,LU0514695690,,2036.88
Xtrackers II iBoxx Eurozone Government Bond Yield Plus UCITS ETF 1C,Xtrackers,Fixed Income,EUR,15.00,2010-09-22,Accumulating,LU0524480265,,1364.36
Xtrackers MSCI Philippines UCITS ETF 1C,Xtrackers,Equity,USD,65.00,2011-04-12,Accumulating,LU0592215403,,46.35
Xtrackers Spain UCITS ETF 1C,Xtrackers,Equity,EUR,30.00,2011-04-27,Accumulating,LU0592216393,,262.48
Xtrackers MSCI Africa Top 50 Swap UCITS ETF 1C,Xtrackers,Equity,USD,65.00,2011-05-09,Accumulating,LU0592217524,,88.13
Xtrackers II Italy Government Bond 0-1 Swap UCITS ETF 1C,Xtrackers,Fixed Income,EUR,15.00,2012-01-12,Accumulating,LU0613540268,,59.85
Xtrackers II Eurozone Government Bond 1-3 UCITS ETF 1D,Xtrackers,Fixed Income,EUR,10.00,2007-05-25,Distributing,LU0614173549,,3515.00
Xtrackers II Eurozone Government Bond 3-5 UCITS ETF 1D,Xtrackers,Fixed Income,EUR,15.00,2007-05-25,Distributing,LU0614173895,,549.82
Xtrackers II Global Government Bond UCITS ETF 2D GBP Hedged,Xtrackers,Fixed Income,GBP,25.00,2008-10-20,Distributing,LU0641006290,,1834.10
Xtrackers II Global Government Bond UCITS ETF 3C USD Hedged,Xtrackers,Fixed Income,USD,25.00,2008-10-20,Accumulating,LU0641006456,,2459.15
Xtrackers II Global Government Bond UCITS ETF 4C CHF Hedged,Xtrackers,Fixed Income,CHF,25.00,2008-10-20,Accumulating,LU0641006613,,1956.46
Xtrackers II Global Inflation-Linked Bond UCITS ETF 2C USD Hedged,Xtrackers,Fixed Income,USD,25.00,2007-06-08,Accumulating,LU0641007009,,1052.27
Xtrackers II Global Inflation-Linked Bond UCITS ETF 3D GBP Hedged,Xtrackers,Fixed Income,GBP,25.00,2007-06-08,Distributing,LU0641007264,,784.81
Xtrackers II Global Inflation-Linked Bond UCITS ETF 4D CHF Hedged,Xtrackers,Fixed Income,CHF,25.00,2007-06-08,Distributing,LU0641007421,,837.17
Xtrackers II Germany Government Bond UCITS ETF 1C,Xtrackers,Fixed Income,EUR,15.00,2010-01-05,Accumulating,LU0643975161,,1002.61
Xtrackers II Eurozone Government Bond UCITS ETF 1D,Xtrackers,Fixed Income,EUR,9.00,2007-05-22,Distributing,LU0643975591,,3043.25
Xtrackers MSCI Singapore UCITS ETF 1C,Xtrackers,Equity,USD,50.00,2011-09-19,Accumulating,LU0659578842,,97.23
Xtrackers ATX UCITS ETF 1C,Xtrackers,Equity,EUR,25.00,2011-11-11,Accumulating,LU0659579063,,119.44
Xtrackers MSCI Pakistan Swap UCITS ETF 1C,Xtrackers,Equity,USD,85.00,2011-09-19,Accumulating,LU0659579147,,23.11
Xtrackers MSCI World Swap UCITS ETF 4C EUR Hedged,Xtrackers,Equity,EUR,39.00,2006-12-19,Accumulating,LU0659579733,,12189.83
Xtrackers MSCI Japan UCITS ETF 4C EUR Hedged,Xtrackers,Equity,EUR,40.00,2007-01-09,Accumulating,LU0659580079,,6792.91
Xtrackers II J.P. Morgan USD Emerging Markets Bond UCITS ETF 2D,Xtrackers,Fixed Income,USD,25.00,2008-05-06,Distributing,LU0677077884,,477.81
Xtrackers II Global Government Bond UCITS ETF 1D EUR Hedged,Xtrackers,Fixed Income,EUR,25.00,2008-10-20,Distributing,LU0690964092,,2121.05
Xtrackers CSI300 Swap UCITS ETF 1C,Xtrackers,Equity,USD,50.00,2010-02-24,Accumulating,LU0779800910,,2031.60
Xtrackers FTSE 100 UCITS ETF 1C,Xtrackers,Equity,GBP,9.00,2012-11-28,Accumulating,LU0838780707,,87.13
Xtrackers DAX ESG Screened UCITS ETF 1D,Xtrackers,Equity,EUR,9.00,2012-11-28,Distributing,LU0838782315,,585.61
Xtrackers Nikkei 225 UCITS ETF 1D,Xtrackers,Equity,JPY,9.00,2013-01-25,Distributing,LU0839027447,,508390.92
Xtrackers MSCI EMU UCITS ETF 1D,Xtrackers,Equity,EUR,9.00,2012-11-28,Distributing,LU0846194776,,2464.09
Xtrackers Harvest CSI300 UCITS ETF 1D,Xtrackers,Equity,USD,65.00,2014-01-08,Distributing,LU0875160326,,340.63
Xtrackers II Global Government Bond UCITS ETF 5C,Xtrackers,Fixed Income,EUR,20.00,2008-10-20,Accumulating,LU0908508731,,2121.05
Xtrackers II Global Inflation-Linked Bond UCITS ETF 5C,Xtrackers,Fixed Income,EUR,20.00,2007-06-08,Accumulating,LU0908508814,,907.60
Xtrackers II iBoxx Eurozone Government Bond Yield Plus 1-3 UCITS ETF 1C,Xtrackers,Fixed Income,EUR,15.00,2013-08-14,Accumulating,LU0925589839,,286.69
Xtrackers MSCI Japan UCITS ETF 2D USD Hedged,Xtrackers,Equity,USD,40.00,2007-01-09,Distributing,LU0927735406,,7875.70
Xtrackers II ESG Global Aggregate Bond UCITS ETF 1D,Xtrackers,Fixed Income,USD,10.00,2014-03-06,Distributing,LU0942970103,,835.24
Xtrackers II ESG Global Aggregate Bond UCITS ETF 2C USD Hedged,Xtrackers,Fixed Income,USD,10.00,2014-03-06,Accumulating,LU0942970285,,835.24
Xtrackers II ESG Global Aggregate Bond UCITS ETF 3D GBP Hedged,Xtrackers,Fixed Income,GBP,10.00,2014-03-06,Distributing,LU0942970368,,622.94
Xtrackers II ESG Global Aggregate Bond UCITS ETF 4C CHF Hedged,Xtrackers,Fixed Income,CHF,10.00,2014-03-06,Accumulating,LU0942970442,,664.50
Xtrackers II ESG Global Aggregate Bond UCITS ETF 5C EUR Hedged,Xtrackers,Fixed Income,EUR,10.00,2014-03-06,Accumulating,LU0942970798,,720.41
Xtrackers Switzerland UCITS ETF 1C,Xtrackers,Equity,CHF,30.00,2007-01-22,Accumulating,LU0943504760,,2226.93
Xtrackers II Japan Government Bond UCITS ETF 1C,Xtrackers,Fixed Income,JPY,15.00,2013-11-15,Accumulating,LU0952581584,,101362.87
Xtrackers II iBoxx Eurozone Government Bond Yield Plus UCITS ETF 1D,Xtrackers,Fixed Income,EUR,15.00,2010-09-22,Distributing,LU0962071741,,1364.36
Xtrackers II Global Inflation-Linked Bond UCITS ETF 1D EUR Hedged,Xtrackers,Fixed Income,EUR,20.00,2007-06-08,Distributing,LU0962078753,,907.60
Xtrackers Spain UCITS ETF 1D,Xtrackers,Equity,EUR,30.00,2011-04-27,Distributing,LU0994505336,,262.48
Xtrackers II Harvest China Government Bond UCITS ETF 1D,Xtrackers,Fixed Income,USD,20.00,2015-07-08,Distributing,LU1094612022,,21.06
Xtrackers II Rolling Target Maturity Sept 2027 EUR High Yield UCITS ETF 1D,Xtrackers,Fixed Income,EUR,30.00,2015-01-08,Distributing,LU1109939865,,397.87
Xtrackers II Rolling Target Maturity Sept 2027 EUR High Yield UCITS ETF 1C,Xtrackers,Fixed Income,EUR,30.00,2015-01-08,Accumulating,LU1109941689,,397.91
Xtrackers II EUR High Yield Corporate Bond UCITS ETF 1D,Xtrackers,Fixed Income,EUR,20.00,2015-01-08,Distributing,LU1109942653,,2783.57
Xtrackers II EUR High Yield Corporate Bond UCITS ETF 1C,Xtrackers,Fixed Income,EUR,20.00,2015-01-08,Accumulating,LU1109943388,,2783.57
Xtrackers MSCI EMU UCITS ETF 1C USD Hedged,Xtrackers,Equity,USD,17.00,2012-11-28,Accumulating,LU1127514245,,2856.87
Xtrackers MSCI EMU UCITS ETF 2C GBP Hedged,Xtrackers,Equity,GBP,12.00,2012-11-28,Accumulating,LU1127516455,,2130.73
Xtrackers MSCI Europe UCITS ETF 2C USD Hedged,Xtrackers,Equity,USD,30.00,2007-01-10,Accumulating,LU1184092051,,9675.73
Xtrackers MSCI Japan UCITS ETF 7C CHF Hedged,Xtrackers,Equity,CHF,25.00,2007-01-09,Accumulating,LU1215827756,,6265.78
Xtrackers MSCI EMU UCITS ETF 3C CHF Hedged,Xtrackers,Equity,CHF,17.00,2012-11-28,Accumulating,LU1215828218,,2272.88
Xtrackers DAX ESG Screened UCITS ETF 2C USD Hedged,Xtrackers,Equity,USD,19.00,2012-11-28,Accumulating,LU1221100792,,678.95
Xtrackers DAX ESG Screened UCITS ETF 4C CHF Hedged,Xtrackers,Equity,CHF,19.00,2012-11-28,Accumulating,LU1221102491,,540.16
Xtrackers MSCI Europe UCITS ETF 1D,Xtrackers,Equity,USD,12.00,2007-01-10,Distributing,LU1242369327,,9675.73
Xtrackers Harvest CSI A500 UCITS ETF 1D,Xtrackers,Equity,USD,65.00,2016-03-22,Distributing,LU1310477036,,16.58
Xtrackers DAX UCITS ETF 1D,Xtrackers,Equity,EUR,9.00,2007-01-10,Distributing,LU1349386927,,7115.92
Xtrackers II US Treasuries UCITS ETF 2D EUR Hedged,Xtrackers,Fixed Income,EUR,10.00,2009-07-07,Distributing,LU1399300455,,2543.95
Xtrackers Stoxx Europe 600 UCITS ETF 2C - EUR Hedged,Xtrackers,Equity,EUR,25.00,2009-01-20,Accumulating,LU1772333404,,5309.01
Xtrackers Nikkei 225 UCITS ETF 2D EUR Hedged,Xtrackers,Equity,EUR,19.00,2013-01-25,Distributing,LU1875395870,,2734.17
Xtrackers II J.P. Morgan USD Emerging Markets Bond UCITS ETF 2C,Xtrackers,Fixed Income,USD,25.00,2008-05-06,Accumulating,LU1920015440,,477.81
Xtrackers II US Treasuries 1-3 UCITS ETF 1C,Xtrackers,Fixed Income,USD,6.00,2009-07-07,Accumulating,LU1920015523,,220.72
Xtrackers II US Treasuries UCITS ETF 1C,Xtrackers,Fixed Income,USD,6.00,2009-07-07,Accumulating,LU1920015796,,2949.46
Xtrackers II Eurozone Government Bond UCITS ETF 2C - USD Hedged,Xtrackers,Fixed Income,USD,20.00,2007-05-22,Accumulating,LU2009147591,,3528.35
Xtrackers S&P 500 Swap UCITS ETF 1D,Xtrackers,Equity,USD,7.00,2010-03-26,Distributing,LU2009147757,,10524.15
Xtrackers II J.P. Morgan EM Local Government Bond UCITS ETF 1D,Xtrackers,Fixed Income,USD,25.00,2023-04-12,Distributing,LU2158769930,,17.44
Xtrackers II EUR Corporate Bond Short Duration SRI PAB UCITS ETF 1C,Xtrackers,Fixed Income,EUR,16.00,2020-07-23,Accumulating,LU2178481649,,1941.10
Xtrackers Nikkei 225 UCITS ETF 1C,Xtrackers,Equity,JPY,9.00,2013-01-25,Accumulating,LU2196470426,,508390.92
Xtrackers S&P 500 Swap UCITS ETF 5C EUR Hedged,Xtrackers,Equity,EUR,20.00,2010-03-26,Accumulating,LU2196472984,,9077.24
Xtrackers S&P 500 Swap UCITS ETF 7C GBP Hedged,Xtrackers,Equity,GBP,20.00,2010-03-26,Accumulating,LU2196473016,,7849.18
Xtrackers MSCI World Swap UCITS ETF 1D,Xtrackers,Equity,USD,19.00,2006-12-19,Distributing,LU2263803533,,14132.89
Xtrackers Bloomberg Commodity Swap UCITS ETF 1C,Xtrackers,Commodity,USD,12.00,2009-07-09,Accumulating,LU2278080713,,866.82
Xtrackers MSCI EM Asia Screened Swap UCITS ETF 1D,Xtrackers,Equity,USD,35.00,2007-06-21,Distributing,LU2296661775,,808.85
Xtrackers II J.P. Morgan USD Emerging Markets Bond UCITS ETF 1D EUR Hedged,Xtrackers,Fixed Income,EUR,40.00,2008-05-06,Distributing,LU2361257269,,412.12
Xtrackers Harvest MSCI China Tech 100 UCITS ETF 1C,Xtrackers,Equity,USD,44.00,2022-03-31,Accumulating,LU2376679564,,42.86
Xtrackers II ESG Global Government Bond UCITS ETF 1D,Xtrackers,Fixed Income,EUR,20.00,2021-12-07,Distributing,LU2385068163,,23.32
Xtrackers II ESG Global Government Bond UCITS ETF 2D GBP Hedged,Xtrackers,Fixed Income,GBP,25.00,2021-12-07,Distributing,LU2385068247,,20.17
Xtrackers II ESG Global Government Bond UCITS ETF 3D USD Hedged,Xtrackers,Fixed Income,USD,25.00,2021-12-07,Distributing,LU2385068320,,27.04
Xtrackers II ESG Global Government Bond UCITS ETF 4D EUR Hedged,Xtrackers,Fixed Income,EUR,25.00,2021-12-07,Distributing,LU2385068593,,23.32
Xtrackers MSCI China UCITS ETF 1D,Xtrackers,Equity,USD,28.00,2010-06-24,Distributing,LU2456436083,,2036.88
Xtrackers II ESG Global Government Bond UCITS ETF 1C,Xtrackers,Fixed Income,EUR,20.00,2021-12-07,Accumulating,LU2462217071,,23.32
Xtrackers II ESG Eurozone Government Bond UCITS ETF 1C,Xtrackers,Fixed Income,EUR,15.00,2022-06-22,Accumulating,LU2468423459,,56.83
Xtrackers MSCI China A Screened Swap UCITS ETF 1C,Xtrackers,Equity,USD,29.00,2022-06-15,Accumulating,LU2469465822,,102.92
Xtrackers II TIPS US Inflation-Linked Bond UCITS ETF 1C,Xtrackers,Fixed Income,USD,7.00,2022-10-13,Accumulating,LU2504532131,,15.19
Xtrackers II Eurozone Government Green Bond UCITS ETF 1D,Xtrackers,Fixed Income,EUR,18.00,2022-10-13,Distributing,LU2504532487,,11.86
Xtrackers II Eurozone Government Bond ESG Tilted UCITS ETF 1D,Xtrackers,Fixed Income,EUR,12.00,2022-10-13,Distributing,LU2504537445,,216.19
Xtrackers II Eurozone Government Bond 7-10 UCITS ETF 1D - GBP Hedged,Xtrackers,Fixed Income,GBP,20.00,2007-05-30,Distributing,LU2523865728,,1706.54
Xtrackers II Eurozone Government Bond 7-10 UCITS ETF 2C - USD Hedged,Xtrackers,Fixed Income,USD,20.00,2007-05-30,Accumulating,LU2523865991,,2288.12
Xtrackers II Eurozone Government Bond UCITS ETF 2D - GBP Hedged,Xtrackers,Fixed Income,GBP,20.00,2007-05-22,Distributing,LU2523866023,,2631.53
Xtrackers II Germany Government Bond UCITS ETF 2D - GBP Hedged,Xtrackers,Fixed Income,GBP,20.00,2010-01-05,Distributing,LU2523866296,,866.97
Xtrackers II Germany Government Bond UCITS ETF 2C - USD Hedged,Xtrackers,Fixed Income,USD,20.00,2010-01-05,Accumulating,LU2523866379,,1162.43
Xtrackers II iBoxx Eurozone Government Bond Yield Plus 1-3 UCITS ETF 2D,Xtrackers,Fixed Income,EUR,15.00,2013-08-14,Distributing,LU2552296563,,286.69
Xtrackers MSCI USA Swap UCITS ETF 1D,Xtrackers,Equity,USD,7.00,2007-01-08,Distributing,LU2581375073,,8625.90
Xtrackers Stoxx Europe 600 UCITS ETF 1D,Xtrackers,Equity,EUR,7.00,2009-01-20,Distributing,LU2581375156,,5309.01
Xtrackers MSCI Japan UCITS ETF 1D,Xtrackers,Equity,USD,12.00,2007-01-09,Distributing,LU2581375230,,7875.70
Xtrackers II Eurozone Government Bond 3-5 UCITS ETF 2C - USD Hedged,Xtrackers,Fixed Income,USD,20.00,2007-05-25,Accumulating,LU2606231335,,637.46
Xtrackers II Eurozone Government Bond 3-5 UCITS ETF 2D - GBP Hedged,Xtrackers,Fixed Income,GBP,20.00,2007-05-25,Distributing,LU2606231418,,475.43
Xtrackers II US Treasuries UCITS ETF 2C - GBP Hedged,Xtrackers,Fixed Income,GBP,10.00,2009-07-07,Accumulating,LU2610432036,,2199.78
Xtrackers II Eurozone Government Bond 0-1 UCITS ETF 1C,Xtrackers,Fixed Income,EUR,7.00,2023-09-12,Accumulating,LU2641054122,,17.98
Xtrackers II Germany Government Bond 0-1 UCITS ETF 1C,Xtrackers,Fixed Income,EUR,7.00,2023-09-12,Accumulating,LU2641054551,,743.74
Xtrackers II US Treasuries 10+ UCITS ETF 1D,Xtrackers,Fixed Income,USD,6.00,2023-12-06,Distributing,LU2662649412,,5.54
Xtrackers II US Treasuries 3-7 UCITS ETF 1D,Xtrackers,Fixed Income,USD,6.00,2023-12-06,Distributing,LU2662649503,,5.95
Xtrackers II US Treasuries 7-10 UCITS ETF 1D,Xtrackers,Fixed Income,USD,6.00,2023-12-06,Distributing,LU2662649685,,3.26
Xtrackers II Target Maturity Sept 2027 EUR Corporate Bond UCITS ETF 1C,Xtrackers,Fixed Income,EUR,12.00,2023-11-08,Accumulating,LU2673522830,,145.55
Xtrackers II Target Maturity Sept 2029 EUR Corporate Bond UCITS ETF 1C,Xtrackers,Fixed Income,EUR,12.00,2023-11-08,Accumulating,LU2673522913,,235.55
Xtrackers II Target Maturity Sept 2033 EUR Corporate Bond UCITS ETF 1C,Xtrackers,Fixed Income,EUR,12.00,2023-11-08,Accumulating,LU2673523051,,171.98
Xtrackers II Target Maturity Sept 2031 EUR Corporate Bond UCITS ETF 1C,Xtrackers,Fixed Income,EUR,12.00,2023-11-08,Accumulating,LU2673523135,,223.05
Xtrackers II Target Maturity Sept 2027 EUR Corporate Bond UCITS ETF 1D,Xtrackers,Fixed Income,EUR,12.00,2023-11-08,Distributing,LU2673523218,,145.55
Xtrackers II Target Maturity Sept 2029 EUR Corporate Bond UCITS ETF 1D,Xtrackers,Fixed Income,EUR,12.00,2023-11-08,Distributing,LU2673523309,,235.55
Xtrackers II Target Maturity Sept 2031 EUR Corporate Bond UCITS ETF 1D,Xtrackers,Fixed Income,EUR,12.00,2023-11-08,Distributing,LU2673523481,,223.05
Xtrackers II Target Maturity Sept 2033 EUR Corporate Bond UCITS ETF 1D,Xtrackers,Fixed Income,EUR,12.00,2023-11-08,Distributing,LU2673523564,,171.98
Xtrackers MSCI Emerging Markets Swap UCITS ETF 1D,Xtrackers,Equity,USD,18.00,2007-06-22,Distributing,LU2675291913,,1282.25
Xtrackers MSCI Pacific ex Japan UCITS ETF 1D,Xtrackers,Equity,USD,10.00,2009-01-20,Distributing,LU2755521270,,1321.58
Xtrackers CSI500 Swap UCITS ETF 1C,Xtrackers,Equity,USD,35.00,2024-07-31,Accumulating,LU2788421340,,87.51
Xtrackers II Target Maturity Sept 2030 EUR Corporate Bond UCITS ETF 1D,Xtrackers,Fixed Income,EUR,12.00,2024-09-25,Distributing,LU2809864296,,28.84
Xtrackers II Target Maturity Sept 2032 EUR Corporate Bond UCITS ETF 1D,Xtrackers,Fixed Income,EUR,12.00,2024-09-25,Distributing,LU2809864452,,14.03
Xtrackers II Target Maturity Sept 2034 EUR Corporate Bond UCITS ETF 1D,Xtrackers,Fixed Income,EUR,12.00,2024-09-25,Distributing,LU2809864619,,11.45
Xtrackers II Target Maturity Sept 2028 EUR Corporate Bond UCITS ETF 1D,Xtrackers,Fixed Income,EUR,12.00,2024-09-25,Distributing,LU2810185665,,32.02
Xtrackers World Small Cap Green Tech Innovators UCITS ETF 1C,Xtrackers,Equity,USD,45.00,2024-11-19,Accumulating,LU2859297330,,79.91
Xtrackers World Green Tech Innovators UCITS ETF 1C,Xtrackers,Equity,USD,35.00,2024-11-19,Accumulating,LU2859392081,,18.13
Scalable MSCI AC World Xtrackers UCITS ETF 1C,Xtrackers,Equity,USD,15.00,2024-12-11,Accumulating,LU2903252349,,760.67
Xtrackers MSCI Taiwan UCITS ETF 1D,Xtrackers,Equity,USD,21.00,2007-06-19,Distributing,LU2928641757,,493.59
Xtrackers II Eurozone Government Bond 1-3 UCITS ETF 2C – USD Hedged,Xtrackers,Fixed Income,USD,20.00,2007-05-25,Accumulating,LU3003217554,,4075.29
Xtrackers II Eurozone Government Bond 1-3 UCITS ETF 2D – GBP Hedged,Xtrackers,Fixed Income,GBP,20.00,2007-05-25,Distributing,LU3003217638,,3039.45
Xtrackers II Eurozone Government Bond 5-7 UCITS ETF 2C – USD Hedged,Xtrackers,Fixed Income,USD,20.00,2007-05-30,Accumulating,LU3003217711,,1070.06
Xtrackers II Eurozone Government Bond 5-7 UCITS ETF 1D – GBP Hedged,Xtrackers,Fixed Income,GBP,20.00,2007-05-30,Distributing,LU3003217984,,798.08
Xtrackers II Australia Government Bond UCITS ETF 2C – EUR Hedged,Xtrackers,Fixed Income,EUR,30.00,2010-05-19,,LU3003218016,,114.86
Xtrackers II Australia Government Bond UCITS ETF 3C – USD Hedged,Xtrackers,Fixed Income,USD,30.00,2010-05-19,Accumulating,LU3003218107,,133.16
Xtrackers II Australia Government Bond UCITS ETF 1D – GBP Hedged,Xtrackers,Fixed Income,GBP,30.00,2010-05-19,Distributing,LU3003218362,,99.32
Xtrackers II Japan Government Bond UCITS ETF 2C – EUR Hedged,Xtrackers,Fixed Income,EUR,20.00,2013-11-15,Accumulating,LU3003218446,,545.14
Xtrackers II Japan Government Bond UCITS ETF 3C – USD Hedged,Xtrackers,Fixed Income,USD,20.00,2013-11-15,Accumulating,LU3003218792,,632.03
Xtrackers II Japan Government Bond UCITS ETF 2D – GBP Hedged,Xtrackers,Fixed Income,GBP,20.00,2013-11-15,Distributing,LU3003218958,,471.39
Xtrackers Europe Defence Technologies UCITS ETF 1C,Xtrackers,Equity,EUR,25.00,2025-08-12,Accumulating,LU3061478973,,39.29
Xtrackers Diversified Portfolio 20% Equity UCITS ETF 1C,Xtrackers,Multi Asset,EUR,24.00,2026-01-29,Accumulating,LU3116008346,,2.03
Xtrackers Diversified Portfolio 40% Equity UCITS ETF 1C,Xtrackers,Multi Asset,EUR,24.00,2026-01-29,Accumulating,LU3116008429,,3.11
Xtrackers Diversified Portfolio 60% Equity UCITS ETF 1C,Xtrackers,Multi Asset,EUR,24.00,2026-01-29,Accumulating,LU3116008692,,3.44
Xtrackers Diversified Portfolio 80% Equity UCITS ETF 1C,Xtrackers,Multi Asset,EUR,24.00,2026-01-29,Accumulating,LU3116008775,,4.00
Xtrackers II Global Government Bond UCITS ETF 3D - CHF Hedged,Xtrackers,Fixed Income,CHF,25.00,2008-10-20,Distributing,LU3121019551,,1950.07
Xtrackers II Salam USD Global Aggregate Sukuk UCITS ETF 1D,Xtrackers,Fixed Income,USD,40.00,2025-10-07,Distributing,LU3123443510,,44.16
Xtrackers MSCI World Swap UCITS ETF IC GBP Unlisted,Xtrackers,Equity,GBP,4.00,2006-12-19,Accumulating,LU3184977026,,10540.67
Xtrackers MSCI Europe UCITS ETF IC EUR Unlisted,Xtrackers,Equity,EUR,6.00,2007-01-10,Accumulating,LU3184977299,,8346.23
Xtrackers MSCI USA Swap UCITS ETF IC GBP Unlisted,Xtrackers,Equity,GBP,7.00,2007-01-08,Accumulating,LU3184977372,,6433.42
Xtrackers MSCI Emerging Markets Swap UCITS ETF IC GBP Unlisted,Xtrackers,Equity,GBP,9.00,2007-06-22,Accumulating,LU3184977455,,956.34
Xtrackers S&P 500 Swap UCITS ETF IC GBP Unlisted,Xtrackers,Equity,GBP,5.00,2010-03-26,Accumulating,LU3184977612,,7849.18
Xtrackers FTSE 100 UCITS ETF IC GBP Unlisted,Xtrackers,Equity,GBP,5.00,2012-11-28,Accumulating,LU3184977703,,87.13
Xtrackers S&P 500 Swap UCITS ETF IC USD Unlisted,Xtrackers,Equity,USD,5.00,2010-03-26,Accumulating,LU3198621024,,10522.40
Xtrackers II Global Government Bond UCITS ETF 4D,Xtrackers,Fixed Income,EUR,20.00,2008-10-20,Distributing,LU3284391318,,2121.25
